id	MyCommodity
01001	CATTLE
01003	VEGETABLE TOTALS
01005	POULTRY TOTALS
01007	VEGETABLE TOTALS
01009	POULTRY TOTALS
01011	POULTRY TOTALS
01013	POULTRY TOTALS
01015	POULTRY TOTALS
01017	CATTLE
01019	POULTRY TOTALS
01021	FRUIT & TREE NUT TOTALS
01023	POULTRY TOTALS
01025	VEGETABLE TOTALS
01027	POULTRY TOTALS
01029	POULTRY TOTALS
01031	POULTRY TOTALS
01033	POULTRY TOTALS
01035	CATTLE
01037	FRUIT & TREE NUT TOTALS
01039	POULTRY TOTALS
01041	POULTRY TOTALS
01043	POULTRY TOTALS
01045	POULTRY TOTALS
01047	CATTLE
01049	POULTRY TOTALS
01051	CATTLE
01053	CATTLE
01055	POULTRY TOTALS
01057	POULTRY TOTALS
01059	POULTRY TOTALS
01061	POULTRY TOTALS
01063	CORN
01065	CATTLE
01067	POULTRY TOTALS
01069	POULTRY TOTALS
01071	POULTRY TOTALS
01073	HOGS
01075	MILK
01077	POULTRY TOTALS
01079	POULTRY TOTALS
01081	POULTRY TOTALS
01083	COTTON
01085	CATTLE
01087	CATTLE
01089	COTTON
01091	CATTLE
01093	POULTRY TOTALS
01095	POULTRY TOTALS
01097	CATTLE
01099	COTTON
01101	CATTLE
01103	POULTRY TOTALS
01105	CATTLE
01107	POULTRY TOTALS
01109	POULTRY TOTALS
01111	POULTRY TOTALS
01113	CATTLE
01115	POULTRY TOTALS
01117	CATTLE
01119	CATTLE
01121	POULTRY TOTALS
01123	POULTRY TOTALS
01125	POULTRY TOTALS
01127	POULTRY TOTALS
01129	POULTRY TOTALS
01131	CATTLE
01133	POULTRY TOTALS
02010	POULTRY TOTALS
02020	VEGETABLE TOTALS
02090	VEGETABLE TOTALS
02110	CATTLE
04001	CATTLE
04003	CATTLE
04005	CATTLE
04007	CATTLE
04009	CORN
04011	POULTRY TOTALS
04012	VEGETABLE TOTALS
04013	MILK
04015	FRUIT & TREE NUT TOTALS
04017	VEGETABLE TOTALS
04019	WHEAT
04021	CATTLE
04023	CATTLE
04025	FRUIT & TREE NUT TOTALS
04027	VEGETABLE TOTALS
05001	SOYBEANS
05003	COTTON
05005	CATTLE
05007	POULTRY TOTALS
05009	POULTRY TOTALS
05011	POULTRY TOTALS
05013	CATTLE
05015	POULTRY TOTALS
05017	SOYBEANS
05019	POULTRY TOTALS
05021	SOYBEANS
05023	POULTRY TOTALS
05025	POULTRY TOTALS
05027	POULTRY TOTALS
05029	POULTRY TOTALS
05031	COTTON
05033	POULTRY TOTALS
05035	SOYBEANS
05037	SOYBEANS
05039	CATTLE
05041	COTTON
05043	COTTON
05045	CATTLE
05047	POULTRY TOTALS
05049	CATTLE
05051	POULTRY TOTALS
05053	CATTLE
05055	SOYBEANS
05057	POULTRY TOTALS
05059	CATTLE
05061	POULTRY TOTALS
05063	POULTRY TOTALS
05065	POULTRY TOTALS
05067	SOYBEANS
05069	SOYBEANS
05071	POULTRY TOTALS
05073	POULTRY TOTALS
05075	SOYBEANS
05077	COTTON
05079	POULTRY TOTALS
05081	POULTRY TOTALS
05083	POULTRY TOTALS
05085	SOYBEANS
05087	POULTRY TOTALS
05089	POULTRY TOTALS
05091	POULTRY TOTALS
05093	COTTON
05095	SOYBEANS
05097	POULTRY TOTALS
05099	POULTRY TOTALS
05101	CATTLE
05103	POULTRY TOTALS
05105	POULTRY TOTALS
05107	COTTON
05109	POULTRY TOTALS
05111	SOYBEANS
05113	POULTRY TOTALS
05115	POULTRY TOTALS
05117	SOYBEANS
05119	SOYBEANS
05121	POULTRY TOTALS
05123	SOYBEANS
05125	CATTLE
05127	POULTRY TOTALS
05129	CATTLE
05131	POULTRY TOTALS
05133	POULTRY TOTALS
05135	POULTRY TOTALS
05137	POULTRY TOTALS
05139	POULTRY TOTALS
05141	POULTRY TOTALS
05143	POULTRY TOTALS
05145	CATTLE
05147	SOYBEANS
05149	POULTRY TOTALS
06001	FRUIT & TREE NUT TOTALS
06003	No Data
06005	FRUIT & TREE NUT TOTALS
06007	FRUIT & TREE NUT TOTALS
06009	CATTLE
06011	VEGETABLE TOTALS
06013	VEGETABLE TOTALS
06015	MILK
06017	FRUIT & TREE NUT TOTALS
06019	FRUIT & TREE NUT TOTALS
06021	FRUIT & TREE NUT TOTALS
06023	MILK
06025	CATTLE
06027	CATTLE
06029	FRUIT & TREE NUT TOTALS
06031	MILK
06033	FRUIT & TREE NUT TOTALS
06035	CATTLE
06037	VEGETABLE TOTALS
06039	FRUIT & TREE NUT TOTALS
06041	MILK
06043	CATTLE
06045	FRUIT & TREE NUT TOTALS
06047	MILK
06049	CATTLE
06051	VEGETABLE TOTALS
06053	VEGETABLE TOTALS
06055	FRUIT & TREE NUT TOTALS
06057	FRUIT & TREE NUT TOTALS
06059	FRUIT & TREE NUT TOTALS
06061	CATTLE
06063	CATTLE
06065	FRUIT & TREE NUT TOTALS
06067	FRUIT & TREE NUT TOTALS
06069	VEGETABLE TOTALS
06071	MILK
06073	FRUIT & TREE NUT TOTALS
06077	FRUIT & TREE NUT TOTALS
06079	VEGETABLE TOTALS
06081	VEGETABLE TOTALS
06083	VEGETABLE TOTALS
06085	VEGETABLE TOTALS
06087	FRUIT & TREE NUT TOTALS
06089	CATTLE
06091	CATTLE
06093	VEGETABLE TOTALS
06095	FRUIT & TREE NUT TOTALS
06097	FRUIT & TREE NUT TOTALS
06099	MILK
06101	FRUIT & TREE NUT TOTALS
06103	FRUIT & TREE NUT TOTALS
06105	CATTLE
06107	FRUIT & TREE NUT TOTALS
06109	POULTRY TOTALS
06111	FRUIT & TREE NUT TOTALS
06113	VEGETABLE TOTALS
06115	FRUIT & TREE NUT TOTALS
08001	VEGETABLE TOTALS
08003	VEGETABLE TOTALS
08005	WHEAT
08007	CATTLE
08009	CATTLE
08011	CORN
08013	VEGETABLE TOTALS
08015	CATTLE
08017	CATTLE
08019	No Data
08021	CATTLE
08023	VEGETABLE TOTALS
08025	CATTLE
08027	CATTLE
08029	CATTLE
08033	CATTLE
08035	CATTLE
08037	CATTLE
08039	CATTLE
08041	CATTLE
08043	MILK
08045	CATTLE
08047	CATTLE
08049	CATTLE
08051	No Data
08053	CATTLE
08055	No Data
08057	HOGS
08059	CATTLE
08061	WHEAT
08063	CORN
08065	CATTLE
08067	CATTLE
08069	MILK
08071	CATTLE
08073	CATTLE
08075	CATTLE
08077	CATTLE
08079	CATTLE
08081	CATTLE
08083	CATTLE
08085	CATTLE
08087	CATTLE
08089	CATTLE
08091	CATTLE
08093	CATTLE
08095	CORN
08097	CATTLE
08099	CATTLE
08101	VEGETABLE TOTALS
08103	CATTLE
08105	VEGETABLE TOTALS
08107	CATTLE
08109	VEGETABLE TOTALS
08113	CATTLE
08115	CORN
08117	CATTLE
08119	CATTLE
08121	CATTLE
08123	CATTLE
08125	CATTLE
09001	VEGETABLE TOTALS
09003	VEGETABLE TOTALS
09005	MILK
09007	FRUIT & TREE NUT TOTALS
09009	VEGETABLE TOTALS
09011	CATTLE
09013	MILK
09015	MILK
10001	VEGETABLE TOTALS
10003	SOYBEANS
10005	POULTRY TOTALS
12001	VEGETABLE TOTALS
12003	POULTRY TOTALS
12005	FRUIT & TREE NUT TOTALS
12007	POULTRY TOTALS
12009	FRUIT & TREE NUT TOTALS
12011	VEGETABLE TOTALS
12013	COTTON
12015	FRUIT & TREE NUT TOTALS
12017	FRUIT & TREE NUT TOTALS
12019	MILK
12021	VEGETABLE TOTALS
12023	MILK
12027	FRUIT & TREE NUT TOTALS
12029	MILK
12031	MILK
12033	COTTON
12035	VEGETABLE TOTALS
12037	No Data
12039	CATTLE
12041	MILK
12043	No Data
12045	CATTLE
12047	POULTRY TOTALS
12049	FRUIT & TREE NUT TOTALS
12051	FRUIT & TREE NUT TOTALS
12053	MILK
12055	FRUIT & TREE NUT TOTALS
12057	FRUIT & TREE NUT TOTALS
12059	POULTRY TOTALS
12061	FRUIT & TREE NUT TOTALS
12063	VEGETABLE TOTALS
12065	MILK
12067	MILK
12069	FRUIT & TREE NUT TOTALS
12071	FRUIT & TREE NUT TOTALS
12073	FRUIT & TREE NUT TOTALS
12075	MILK
12077	CATTLE
12079	POULTRY TOTALS
12081	VEGETABLE TOTALS
12083	MILK
12085	FRUIT & TREE NUT TOTALS
12086	VEGETABLE TOTALS
12087	FRUIT & TREE NUT TOTALS
12089	POULTRY TOTALS
12091	POULTRY TOTALS
12093	MILK
12095	CATTLE
12097	CATTLE
12099	VEGETABLE TOTALS
12101	FRUIT & TREE NUT TOTALS
12103	NURSERY TOTALS
12105	FRUIT & TREE NUT TOTALS
12107	VEGETABLE TOTALS
12109	VEGETABLE TOTALS
12111	FRUIT & TREE NUT TOTALS
12113	COTTON
12115	FRUIT & TREE NUT TOTALS
12117	FRUIT & TREE NUT TOTALS
12119	CATTLE
12121	POULTRY TOTALS
12123	POULTRY TOTALS
12125	POULTRY TOTALS
12127	FRUIT & TREE NUT TOTALS
12129	CATTLE
12131	POULTRY TOTALS
12133	CATTLE
13001	COTTON
13003	POULTRY TOTALS
13005	POULTRY TOTALS
13007	POULTRY TOTALS
13009	POULTRY TOTALS
13011	POULTRY TOTALS
13013	POULTRY TOTALS
13015	POULTRY TOTALS
13017	POULTRY TOTALS
13019	COTTON
13021	POULTRY TOTALS
13023	COTTON
13025	POULTRY TOTALS
13027	VEGETABLE TOTALS
13029	CATTLE
13031	COTTON
13033	COTTON
13035	CATTLE
13037	COTTON
13039	CATTLE
13043	COTTON
13045	POULTRY TOTALS
13047	POULTRY TOTALS
13049	POULTRY TOTALS
13051	CATTLE
13053	No Data
13055	POULTRY TOTALS
13057	POULTRY TOTALS
13059	POULTRY TOTALS
13061	COTTON
13063	CATTLE
13065	FRUIT & TREE NUT TOTALS
13067	CATTLE
13069	POULTRY TOTALS
13071	VEGETABLE TOTALS
13073	CATTLE
13075	VEGETABLE TOTALS
13077	CATTLE
13079	FRUIT & TREE NUT TOTALS
13081	VEGETABLE TOTALS
13083	POULTRY TOTALS
13085	POULTRY TOTALS
13087	VEGETABLE TOTALS
13089	No Data
13091	COTTON
13093	COTTON
13095	FRUIT & TREE NUT TOTALS
13097	CATTLE
13099	COTTON
13101	VEGETABLE TOTALS
13103	CATTLE
13105	POULTRY TOTALS
13107	COTTON
13109	POULTRY TOTALS
13111	POULTRY TOTALS
13113	CATTLE
13115	POULTRY TOTALS
13117	POULTRY TOTALS
13119	POULTRY TOTALS
13121	POULTRY TOTALS
13123	POULTRY TOTALS
13125	COTTON
13127	CATTLE
13129	POULTRY TOTALS
13131	VEGETABLE TOTALS
13133	POULTRY TOTALS
13135	POULTRY TOTALS
13137	POULTRY TOTALS
13139	POULTRY TOTALS
13141	FRUIT & TREE NUT TOTALS
13143	POULTRY TOTALS
13145	CATTLE
13147	POULTRY TOTALS
13149	POULTRY TOTALS
13151	CATTLE
13153	POULTRY TOTALS
13155	COTTON
13157	POULTRY TOTALS
13159	POULTRY TOTALS
13161	COTTON
13163	CATTLE
13165	MILK
13167	CATTLE
13169	POULTRY TOTALS
13171	POULTRY TOTALS
13173	COTTON
13175	CATTLE
13177	COTTON
13179	CATTLE
13181	CATTLE
13183	POULTRY TOTALS
13185	VEGETABLE TOTALS
13187	POULTRY TOTALS
13189	CATTLE
13191	FRUIT & TREE NUT TOTALS
13193	POULTRY TOTALS
13195	POULTRY TOTALS
13197	POULTRY TOTALS
13199	CATTLE
13201	COTTON
13205	POULTRY TOTALS
13207	POULTRY TOTALS
13209	COTTON
13211	POULTRY TOTALS
13213	POULTRY TOTALS
13215	CATTLE
13217	POULTRY TOTALS
13219	POULTRY TOTALS
13221	POULTRY TOTALS
13223	POULTRY TOTALS
13225	FRUIT & TREE NUT TOTALS
13227	POULTRY TOTALS
13229	VEGETABLE TOTALS
13231	POULTRY TOTALS
13233	POULTRY TOTALS
13235	COTTON
13237	MILK
13239	CATTLE
13241	POULTRY TOTALS
13243	COTTON
13245	VEGETABLE TOTALS
13247	CATTLE
13249	POULTRY TOTALS
13251	COTTON
13253	VEGETABLE TOTALS
13255	CATTLE
13257	POULTRY TOTALS
13259	COTTON
13261	POULTRY TOTALS
13263	VEGETABLE TOTALS
13265	MILK
13267	POULTRY TOTALS
13269	POULTRY TOTALS
13271	VEGETABLE TOTALS
13273	COTTON
13275	COTTON
13277	VEGETABLE TOTALS
13279	VEGETABLE TOTALS
13281	CATTLE
13283	VEGETABLE TOTALS
13285	CATTLE
13287	POULTRY TOTALS
13289	COTTON
13291	CATTLE
13293	POULTRY TOTALS
13295	POULTRY TOTALS
13297	POULTRY TOTALS
13299	POULTRY TOTALS
13301	MILK
13303	CATTLE
13305	POULTRY TOTALS
13307	VEGETABLE TOTALS
13309	COTTON
13311	POULTRY TOTALS
13313	POULTRY TOTALS
13315	POULTRY TOTALS
13317	POULTRY TOTALS
13319	CATTLE
13321	COTTON
15001	FRUIT & TREE NUT TOTALS
15003	VEGETABLE TOTALS
15007	VEGETABLE TOTALS
15009	FRUIT & TREE NUT TOTALS
16001	MILK
16003	CATTLE
16005	WHEAT
16007	CATTLE
16009	WHEAT
16011	VEGETABLE TOTALS
16013	CATTLE
16015	CATTLE
16017	MILK
16019	VEGETABLE TOTALS
16021	WHEAT
16023	CATTLE
16025	CATTLE
16027	CATTLE
16029	VEGETABLE TOTALS
16031	CATTLE
16033	CATTLE
16035	WHEAT
16037	CATTLE
16039	VEGETABLE TOTALS
16041	MILK
16043	VEGETABLE TOTALS
16045	CATTLE
16047	MILK
16049	WHEAT
16051	VEGETABLE TOTALS
16053	MILK
16055	WHEAT
16057	WHEAT
16059	CATTLE
16061	WHEAT
16063	MILK
16065	VEGETABLE TOTALS
16067	VEGETABLE TOTALS
16069	WHEAT
16071	CATTLE
16073	CATTLE
16075	CATTLE
16077	VEGETABLE TOTALS
16079	CATTLE
16081	VEGETABLE TOTALS
16083	MILK
16085	CATTLE
16087	CATTLE
17001	CORN
17003	SOYBEANS
17005	SOYBEANS
17007	CORN
17009	CORN
17011	CORN
17013	CORN
17015	CORN
17017	CORN
17019	CORN
17021	CORN
17023	CORN
17025	SOYBEANS
17027	HOGS
17029	CORN
17031	VEGETABLE TOTALS
17033	CORN
17035	CORN
17037	CORN
17039	CORN
17041	CORN
17043	CORN
17045	CORN
17047	CORN
17049	SOYBEANS
17051	SOYBEANS
17053	CORN
17055	SOYBEANS
17057	CORN
17059	CORN
17061	CORN
17063	CORN
17065	SOYBEANS
17067	CORN
17069	SOYBEANS
17071	CORN
17073	CORN
17075	CORN
17077	SOYBEANS
17079	CORN
17081	SOYBEANS
17083	CORN
17085	CORN
17087	CATTLE
17089	CORN
17091	CORN
17093	CORN
17095	CORN
17097	SOYBEANS
17099	CORN
17101	CORN
17103	CORN
17105	CORN
17107	CORN
17109	CORN
17111	CORN
17113	CORN
17115	CORN
17117	CORN
17119	SOYBEANS
17121	SOYBEANS
17123	CORN
17125	CORN
17127	SOYBEANS
17129	CORN
17131	CORN
17133	SOYBEANS
17135	CORN
17137	CORN
17139	CORN
17141	CORN
17143	CORN
17145	SOYBEANS
17147	CORN
17149	CORN
17151	SOYBEANS
17153	SOYBEANS
17155	CORN
17157	SOYBEANS
17159	HOGS
17161	CORN
17163	SOYBEANS
17165	SOYBEANS
17167	CORN
17169	CORN
17171	CORN
17173	CORN
17175	CORN
17177	CORN
17179	CORN
17181	SOYBEANS
17183	CORN
17185	CORN
17187	CORN
17189	SOYBEANS
17191	SOYBEANS
17193	SOYBEANS
17195	CORN
17197	CORN
17199	SOYBEANS
17201	CORN
17203	CORN
18001	HOGS
18003	SOYBEANS
18005	SOYBEANS
18007	CORN
18009	SOYBEANS
18011	CORN
18013	CORN
18015	HOGS
18017	CORN
18019	SOYBEANS
18021	CORN
18023	CORN
18025	CATTLE
18027	POULTRY TOTALS
18029	CATTLE
18031	HOGS
18033	SOYBEANS
18035	SOYBEANS
18037	POULTRY TOTALS
18039	MILK
18041	CORN
18043	SOYBEANS
18045	CORN
18047	SOYBEANS
18049	CORN
18051	CORN
18053	SOYBEANS
18055	HOGS
18057	SOYBEANS
18059	CORN
18061	POULTRY TOTALS
18063	CORN
18065	CORN
18067	CORN
18069	SOYBEANS
18071	SOYBEANS
18073	CORN
18075	POULTRY TOTALS
18077	SOYBEANS
18079	SOYBEANS
18081	CORN
18083	CORN
18085	POULTRY TOTALS
18087	CATTLE
18089	CORN
18091	CORN
18093	CATTLE
18095	SOYBEANS
18097	CORN
18099	CORN
18101	POULTRY TOTALS
18103	SOYBEANS
18105	CATTLE
18107	CORN
18109	CORN
18111	CORN
18113	CORN
18115	SOYBEANS
18117	CORN
18119	SOYBEANS
18121	CORN
18123	CATTLE
18125	CORN
18127	CORN
18129	CORN
18131	CORN
18133	CORN
18135	SOYBEANS
18137	SOYBEANS
18139	CORN
18141	CORN
18143	SOYBEANS
18145	CORN
18147	CORN
18149	CORN
18151	CORN
18153	CORN
18155	SOYBEANS
18157	CORN
18159	CORN
18161	CORN
18163	SOYBEANS
18165	CORN
18167	CORN
18169	SOYBEANS
18171	CORN
18173	CORN
18175	POULTRY TOTALS
18177	CORN
18179	SOYBEANS
18181	CORN
18183	SOYBEANS
19001	CORN
19003	CORN
19005	MILK
19007	CATTLE
19009	HOGS
19011	CORN
19013	CORN
19015	CORN
19017	CORN
19019	CORN
19021	HOGS
19023	CORN
19025	CORN
19027	HOGS
19029	CATTLE
19031	CORN
19033	CORN
19035	CORN
19037	CORN
19039	CORN
19041	HOGS
19043	CORN
19045	CORN
19047	CORN
19049	CORN
19051	CATTLE
19053	CATTLE
19055	CORN
19057	CORN
19059	CORN
19061	CATTLE
19063	CORN
19065	CORN
19067	CORN
19069	HOGS
19071	SOYBEANS
19073	CORN
19075	CORN
19077	CORN
19079	HOGS
19081	CORN
19083	HOGS
19085	CORN
19087	CORN
19089	CORN
19091	CORN
19093	CORN
19095	CORN
19097	CATTLE
19099	CORN
19101	CORN
19103	CORN
19105	CORN
19107	CORN
19109	CORN
19111	CORN
19113	CORN
19115	CORN
19117	CATTLE
19119	HOGS
19121	CORN
19123	CORN
19125	CORN
19127	CORN
19129	CORN
19131	CORN
19133	CORN
19135	CATTLE
19137	CORN
19139	CORN
19141	HOGS
19143	HOGS
19145	CORN
19147	HOGS
19149	HOGS
19151	CORN
19153	CORN
19155	CORN
19157	CORN
19159	HOGS
19161	HOGS
19163	CORN
19165	CORN
19167	CATTLE
19169	CORN
19171	CORN
19173	CORN
19175	HOGS
19177	HOGS
19179	CORN
19181	CORN
19183	HOGS
19185	CORN
19187	CORN
19189	CORN
19191	CORN
19193	CORN
19195	CORN
19197	CORN
20001	CATTLE
20003	CATTLE
20005	CATTLE
20007	CATTLE
20009	CATTLE
20011	CATTLE
20013	CORN
20015	CATTLE
20017	CATTLE
20019	CATTLE
20021	POULTRY TOTALS
20023	CATTLE
20025	CATTLE
20027	CATTLE
20029	WHEAT
20031	SOYBEANS
20033	CATTLE
20035	CATTLE
20037	CATTLE
20039	CATTLE
20041	CATTLE
20043	CORN
20045	CATTLE
20047	CATTLE
20049	CATTLE
20051	CATTLE
20053	WHEAT
20055	CORN
20057	CATTLE
20059	CATTLE
20061	WHEAT
20063	CATTLE
20065	CATTLE
20067	CORN
20069	CORN
20071	WHEAT
20073	CATTLE
20075	CATTLE
20077	CATTLE
20079	CATTLE
20081	CATTLE
20083	WHEAT
20085	CATTLE
20087	CATTLE
20089	CATTLE
20091	CATTLE
20093	CATTLE
20095	CATTLE
20097	CATTLE
20099	CATTLE
20101	CATTLE
20103	CATTLE
20105	CATTLE
20107	CATTLE
20109	CATTLE
20111	CATTLE
20113	CATTLE
20115	CATTLE
20117	CATTLE
20119	CATTLE
20121	CATTLE
20123	CATTLE
20125	CATTLE
20127	CATTLE
20129	CORN
20131	CATTLE
20133	CATTLE
20135	CATTLE
20137	HOGS
20139	CATTLE
20141	CATTLE
20143	CATTLE
20145	CATTLE
20147	CATTLE
20149	CATTLE
20151	CORN
20153	CATTLE
20155	CATTLE
20157	CATTLE
20159	CATTLE
20161	CATTLE
20163	CATTLE
20165	CATTLE
20167	CATTLE
20169	CATTLE
20171	CATTLE
20173	WHEAT
20175	CORN
20177	CATTLE
20179	CATTLE
20181	CATTLE
20183	CATTLE
20185	CATTLE
20187	CATTLE
20189	CORN
20191	WHEAT
20193	CORN
20195	CATTLE
20197	CATTLE
20199	CATTLE
20201	CATTLE
20203	WHEAT
20205	CATTLE
20207	CATTLE
20209	CATTLE
21001	MILK
21003	CATTLE
21005	CATTLE
21007	POULTRY TOTALS
21009	CATTLE
21011	CATTLE
21013	VEGETABLE TOTALS
21015	CATTLE
21017	CATTLE
21019	CATTLE
21021	CATTLE
21023	CATTLE
21025	CATTLE
21027	CATTLE
21029	CATTLE
21031	POULTRY TOTALS
21033	CORN
21035	POULTRY TOTALS
21037	CATTLE
21039	POULTRY TOTALS
21041	CATTLE
21043	CATTLE
21045	CATTLE
21047	CORN
21049	CATTLE
21051	CATTLE
21053	POULTRY TOTALS
21055	CATTLE
21057	CATTLE
21059	SOYBEANS
21061	CATTLE
21063	CATTLE
21065	CATTLE
21067	SOYBEANS
21069	CATTLE
21071	CATTLE
21073	CATTLE
21075	SOYBEANS
21077	CATTLE
21079	CATTLE
21081	CATTLE
21083	POULTRY TOTALS
21085	POULTRY TOTALS
21087	CATTLE
21089	CATTLE
21091	SOYBEANS
21093	CATTLE
21095	FRUIT & TREE NUT TOTALS
21097	CATTLE
21099	CATTLE
21101	POULTRY TOTALS
21103	CATTLE
21105	POULTRY TOTALS
21107	SOYBEANS
21109	CATTLE
21111	CATTLE
21113	CATTLE
21115	CATTLE
21117	CATTLE
21119	CATTLE
21121	CATTLE
21123	CATTLE
21125	CATTLE
21127	CATTLE
21129	CATTLE
21131	No Data
21133	VEGETABLE TOTALS
21135	CATTLE
21137	CATTLE
21139	CATTLE
21141	CORN
21143	CATTLE
21145	SOYBEANS
21147	CATTLE
21149	POULTRY TOTALS
21151	CATTLE
21153	CATTLE
21155	CATTLE
21157	POULTRY TOTALS
21159	No Data
21161	MILK
21163	CATTLE
21165	CATTLE
21167	CATTLE
21169	CATTLE
21171	CATTLE
21173	CATTLE
21175	CATTLE
21177	CORN
21179	CATTLE
21181	CATTLE
21183	POULTRY TOTALS
21185	CATTLE
21187	CATTLE
21189	CATTLE
21191	CATTLE
21193	CATTLE
21195	CATTLE
21197	SOYBEANS
21199	CATTLE
21201	CATTLE
21203	CATTLE
21205	CATTLE
21207	CATTLE
21209	CATTLE
21211	CATTLE
21213	CORN
21215	CATTLE
21217	CATTLE
21219	POULTRY TOTALS
21221	CORN
21223	CATTLE
21225	CORN
21227	CATTLE
21229	CATTLE
21231	POULTRY TOTALS
21233	POULTRY TOTALS
21235	CATTLE
21237	CATTLE
21239	CATTLE
22001	SOYBEANS
22003	CATTLE
22005	CATTLE
22007	CATTLE
22009	SOYBEANS
22011	CATTLE
22013	POULTRY TOTALS
22015	CATTLE
22017	CATTLE
22019	CATTLE
22021	COTTON
22023	HOGS
22025	COTTON
22027	POULTRY TOTALS
22029	CORN
22031	MILK
22033	CATTLE
22035	SOYBEANS
22037	MILK
22039	CATTLE
22041	COTTON
22043	CATTLE
22045	CATTLE
22047	CATTLE
22049	POULTRY TOTALS
22051	CATTLE
22053	SOYBEANS
22055	CATTLE
22057	CATTLE
22059	HOGS
22061	POULTRY TOTALS
22063	POULTRY TOTALS
22065	CORN
22067	COTTON
22069	POULTRY TOTALS
22071	No Data
22073	POULTRY TOTALS
22075	FRUIT & TREE NUT TOTALS
22077	SOYBEANS
22079	NURSERY TOTALS
22081	CATTLE
22083	COTTON
22085	POULTRY TOTALS
22087	No Data
22089	VEGETABLE TOTALS
22091	CATTLE
22093	CATTLE
22095	VEGETABLE TOTALS
22097	SOYBEANS
22099	SOYBEANS
22101	CATTLE
22103	CATTLE
22105	MILK
22107	COTTON
22109	CATTLE
22111	POULTRY TOTALS
22113	CATTLE
22115	POULTRY TOTALS
22117	MILK
22119	VEGETABLE TOTALS
22121	SOYBEANS
22123	VEGETABLE TOTALS
22125	CATTLE
22127	POULTRY TOTALS
23001	POULTRY TOTALS
23003	VEGETABLE TOTALS
23005	VEGETABLE TOTALS
23007	MILK
23009	CATTLE
23011	MILK
23013	FRUIT & TREE NUT TOTALS
23015	MILK
23017	FRUIT & TREE NUT TOTALS
23019	MILK
23021	MILK
23023	MILK
23025	CATTLE
23027	POULTRY TOTALS
23029	VEGETABLE TOTALS
23031	VEGETABLE TOTALS
24001	CATTLE
24003	CORN
24005	VEGETABLE TOTALS
24009	CORN
24011	POULTRY TOTALS
24013	MILK
24015	CORN
24017	SOYBEANS
24019	POULTRY TOTALS
24021	MILK
24023	CATTLE
24025	MILK
24027	MILK
24029	MILK
24031	CORN
24033	VEGETABLE TOTALS
24035	POULTRY TOTALS
24037	VEGETABLE TOTALS
24039	POULTRY TOTALS
24041	POULTRY TOTALS
24043	MILK
24045	POULTRY TOTALS
24047	POULTRY TOTALS
25001	FRUIT & TREE NUT TOTALS
25003	MILK
25005	MILK
25007	VEGETABLE TOTALS
25009	VEGETABLE TOTALS
25011	MILK
25013	MILK
25015	VEGETABLE TOTALS
25017	CATTLE
25019	No Data
25021	FRUIT & TREE NUT TOTALS
25023	FRUIT & TREE NUT TOTALS
25025	No Data
25027	POULTRY TOTALS
26001	MILK
26003	MILK
26005	MILK
26007	MILK
26009	VEGETABLE TOTALS
26011	MILK
26013	POULTRY TOTALS
26015	MILK
26017	CORN
26019	FRUIT & TREE NUT TOTALS
26021	VEGETABLE TOTALS
26023	CORN
26025	CORN
26027	HOGS
26029	MILK
26031	MILK
26033	CATTLE
26035	MILK
26037	MILK
26039	CATTLE
26041	MILK
26043	MILK
26045	CORN
26047	MILK
26049	SOYBEANS
26051	MILK
26053	HOGS
26055	FRUIT & TREE NUT TOTALS
26057	MILK
26059	MILK
26061	MILK
26063	MILK
26065	CORN
26067	MILK
26069	CATTLE
26071	VEGETABLE TOTALS
26073	MILK
26075	CATTLE
26077	CORN
26079	VEGETABLE TOTALS
26081	MILK
26085	MILK
26087	SOYBEANS
26089	FRUIT & TREE NUT TOTALS
26091	MILK
26093	MILK
26095	CATTLE
26097	MILK
26099	VEGETABLE TOTALS
26101	FRUIT & TREE NUT TOTALS
26103	MILK
26105	VEGETABLE TOTALS
26107	MILK
26109	MILK
26111	CORN
26113	MILK
26115	SOYBEANS
26117	VEGETABLE TOTALS
26119	MILK
26121	MILK
26123	MILK
26125	VEGETABLE TOTALS
26127	VEGETABLE TOTALS
26129	MILK
26131	MILK
26133	MILK
26135	MILK
26137	VEGETABLE TOTALS
26139	POULTRY TOTALS
26141	VEGETABLE TOTALS
26143	CATTLE
26145	CORN
26147	SOYBEANS
26149	CORN
26151	MILK
26153	VEGETABLE TOTALS
26155	SOYBEANS
26157	CORN
26159	FRUIT & TREE NUT TOTALS
26161	CORN
26163	VEGETABLE TOTALS
26165	MILK
27001	CATTLE
27003	CORN
27005	POULTRY TOTALS
27007	CATTLE
27009	POULTRY TOTALS
27011	SOYBEANS
27013	HOGS
27015	HOGS
27017	MILK
27019	MILK
27021	CATTLE
27023	CORN
27025	CORN
27027	SOYBEANS
27029	CATTLE
27031	CATTLE
27033	CORN
27035	CATTLE
27037	CORN
27039	CORN
27041	SOYBEANS
27043	CORN
27045	CORN
27047	CORN
27049	MILK
27051	CORN
27053	CORN
27055	MILK
27057	CORN
27059	CORN
27061	CATTLE
27063	CORN
27065	MILK
27067	POULTRY TOTALS
27069	WHEAT
27071	CATTLE
27073	CORN
27075	CATTLE
27077	WHEAT
27079	CORN
27081	CORN
27083	CORN
27085	CORN
27087	SOYBEANS
27089	WHEAT
27091	HOGS
27093	POULTRY TOTALS
27095	MILK
27097	POULTRY TOTALS
27099	CORN
27101	CORN
27103	HOGS
27105	HOGS
27107	SOYBEANS
27109	CORN
27111	MILK
27113	SOYBEANS
27115	MILK
27117	HOGS
27119	WHEAT
27121	CORN
27123	VEGETABLE TOTALS
27125	SOYBEANS
27127	CORN
27129	CORN
27131	CORN
27133	HOGS
27135	WHEAT
27137	CATTLE
27139	CORN
27141	VEGETABLE TOTALS
27143	CORN
27145	MILK
27147	CORN
27149	CORN
27151	CORN
27153	MILK
27155	CORN
27157	MILK
27159	MILK
27161	HOGS
27163	CORN
27165	HOGS
27167	SOYBEANS
27169	MILK
27171	MILK
27173	CORN
28001	CATTLE
28003	CORN
28005	POULTRY TOTALS
28007	COTTON
28009	SOYBEANS
28011	SOYBEANS
28013	VEGETABLE TOTALS
28015	COTTON
28017	HOGS
28019	HOGS
28021	CATTLE
28023	POULTRY TOTALS
28025	CATTLE
28027	COTTON
28029	POULTRY TOTALS
28031	POULTRY TOTALS
28033	SOYBEANS
28035	POULTRY TOTALS
28037	CATTLE
28039	CATTLE
28041	POULTRY TOTALS
28043	COTTON
28045	CATTLE
28047	MILK
28049	MILK
28051	COTTON
28053	COTTON
28055	CORN
28057	POULTRY TOTALS
28059	CATTLE
28061	POULTRY TOTALS
28063	POULTRY TOTALS
28065	POULTRY TOTALS
28067	POULTRY TOTALS
28069	CATTLE
28071	COTTON
28073	POULTRY TOTALS
28075	POULTRY TOTALS
28077	POULTRY TOTALS
28079	POULTRY TOTALS
28081	SOYBEANS
28083	COTTON
28085	POULTRY TOTALS
28087	CORN
28089	CORN
28091	POULTRY TOTALS
28093	CATTLE
28095	COTTON
28097	COTTON
28099	POULTRY TOTALS
28101	POULTRY TOTALS
28103	HOGS
28105	CATTLE
28107	COTTON
28109	CATTLE
28111	POULTRY TOTALS
28113	MILK
28115	SOYBEANS
28117	SOYBEANS
28119	COTTON
28121	POULTRY TOTALS
28123	POULTRY TOTALS
28125	COTTON
28127	POULTRY TOTALS
28129	POULTRY TOTALS
28131	CATTLE
28133	COTTON
28135	COTTON
28137	CATTLE
28139	CATTLE
28141	CATTLE
28143	COTTON
28145	SOYBEANS
28147	POULTRY TOTALS
28149	CORN
28151	COTTON
28153	POULTRY TOTALS
28155	CATTLE
28157	FRUIT & TREE NUT TOTALS
28159	POULTRY TOTALS
28161	COTTON
28163	COTTON
29001	CATTLE
29003	SOYBEANS
29005	CORN
29007	SOYBEANS
29009	POULTRY TOTALS
29011	HOGS
29013	CATTLE
29015	CATTLE
29017	CATTLE
29019	SOYBEANS
29021	CORN
29023	SOYBEANS
29025	SOYBEANS
29027	CATTLE
29029	CATTLE
29031	CATTLE
29033	SOYBEANS
29035	CATTLE
29037	CATTLE
29039	CATTLE
29041	CATTLE
29043	CATTLE
29045	SOYBEANS
29047	CATTLE
29049	CATTLE
29051	CATTLE
29053	CATTLE
29055	CATTLE
29057	CATTLE
29059	CATTLE
29061	HOGS
29063	CATTLE
29065	CATTLE
29067	CATTLE
29069	COTTON
29071	CATTLE
29073	HOGS
29075	CATTLE
29077	CATTLE
29079	SOYBEANS
29081	CATTLE
29083	CATTLE
29085	CATTLE
29087	CORN
29089	SOYBEANS
29091	CATTLE
29093	CATTLE
29095	SOYBEANS
29097	POULTRY TOTALS
29099	CATTLE
29101	CATTLE
29103	SOYBEANS
29105	CATTLE
29107	CORN
29109	POULTRY TOTALS
29111	SOYBEANS
29113	SOYBEANS
29115	CATTLE
29117	SOYBEANS
29119	POULTRY TOTALS
29121	CATTLE
29123	CATTLE
29125	CATTLE
29127	CORN
29129	SOYBEANS
29131	POULTRY TOTALS
29133	SOYBEANS
29135	CATTLE
29137	SOYBEANS
29139	SOYBEANS
29141	POULTRY TOTALS
29143	COTTON
29145	POULTRY TOTALS
29147	SOYBEANS
29149	CATTLE
29151	POULTRY TOTALS
29153	CATTLE
29155	COTTON
29157	CATTLE
29159	POULTRY TOTALS
29161	CATTLE
29163	CATTLE
29165	SOYBEANS
29167	CATTLE
29169	CATTLE
29171	HOGS
29173	SOYBEANS
29175	CATTLE
29177	SOYBEANS
29179	CATTLE
29181	CATTLE
29183	SOYBEANS
29185	CATTLE
29186	CATTLE
29187	CATTLE
29189	SOYBEANS
29195	CORN
29197	CATTLE
29199	SOYBEANS
29201	POULTRY TOTALS
29203	CATTLE
29205	SOYBEANS
29207	POULTRY TOTALS
29209	CATTLE
29211	SOYBEANS
29213	CATTLE
29215	CATTLE
29217	HOGS
29219	SOYBEANS
29221	CATTLE
29223	CATTLE
29225	CATTLE
29227	CATTLE
29229	MILK
30001	CATTLE
30003	CATTLE
30005	CATTLE
30007	CATTLE
30009	CATTLE
30011	CATTLE
30013	CATTLE
30015	WHEAT
30017	CATTLE
30019	WHEAT
30021	CATTLE
30023	CATTLE
30025	CATTLE
30027	CATTLE
30029	CATTLE
30031	CATTLE
30033	CATTLE
30035	CATTLE
30037	CATTLE
30039	CATTLE
30041	WHEAT
30043	CATTLE
30045	CATTLE
30047	CATTLE
30049	CATTLE
30051	WHEAT
30053	CATTLE
30055	WHEAT
30057	CATTLE
30059	CATTLE
30061	CATTLE
30063	CATTLE
30065	CATTLE
30067	CATTLE
30069	CATTLE
30071	CATTLE
30073	WHEAT
30075	CATTLE
30077	CATTLE
30079	CATTLE
30081	CATTLE
30083	CATTLE
30085	WHEAT
30087	CATTLE
30089	CATTLE
30091	WHEAT
30093	CATTLE
30095	CATTLE
30097	CATTLE
30099	CATTLE
30101	WHEAT
30103	CATTLE
30105	CATTLE
30107	CATTLE
30109	CATTLE
30111	CATTLE
31001	CATTLE
31003	CATTLE
31005	CORN
31007	CATTLE
31009	CATTLE
31011	CATTLE
31013	CATTLE
31015	CATTLE
31017	CATTLE
31019	CATTLE
31021	CATTLE
31023	CORN
31025	SOYBEANS
31027	CATTLE
31029	CORN
31031	CATTLE
31033	CATTLE
31035	CATTLE
31037	CATTLE
31039	CATTLE
31041	CATTLE
31043	CORN
31045	CATTLE
31047	CATTLE
31049	CATTLE
31051	CATTLE
31053	CATTLE
31055	CATTLE
31057	CATTLE
31059	CORN
31061	CORN
31063	CORN
31065	CORN
31067	CORN
31069	CORN
31071	CATTLE
31073	CORN
31075	CATTLE
31077	HOGS
31079	CATTLE
31081	CORN
31083	CATTLE
31085	CATTLE
31087	CATTLE
31089	CATTLE
31091	CATTLE
31093	CATTLE
31095	CORN
31097	SOYBEANS
31099	CATTLE
31101	CATTLE
31103	CATTLE
31105	CATTLE
31107	CATTLE
31109	SOYBEANS
31111	CATTLE
31113	CATTLE
31115	CATTLE
31117	CATTLE
31119	CATTLE
31121	CATTLE
31123	CATTLE
31125	CATTLE
31127	SOYBEANS
31129	CORN
31131	SOYBEANS
31133	CATTLE
31135	CORN
31137	CATTLE
31139	CATTLE
31141	CATTLE
31143	CATTLE
31145	CATTLE
31147	CATTLE
31149	CATTLE
31151	CORN
31153	CATTLE
31155	CATTLE
31157	CATTLE
31159	CATTLE
31161	CATTLE
31163	CATTLE
31165	CORN
31167	CATTLE
31169	CATTLE
31171	No Data
31173	CATTLE
31175	CATTLE
31177	CATTLE
31179	CATTLE
31181	CATTLE
31183	CATTLE
31185	CORN
32001	MILK
32003	VEGETABLE TOTALS
32005	CATTLE
32007	CATTLE
32009	No Data
32011	CATTLE
32013	CATTLE
32015	CATTLE
32017	CATTLE
32019	CATTLE
32021	No Data
32023	FRUIT & TREE NUT TOTALS
32027	CATTLE
32031	CATTLE
32033	CATTLE
32510	No Data
33001	MILK
33003	VEGETABLE TOTALS
33005	MILK
33007	MILK
33009	MILK
33011	FRUIT & TREE NUT TOTALS
33013	MILK
33015	MILK
33017	MILK
33019	MILK
34001	FRUIT & TREE NUT TOTALS
34003	VEGETABLE TOTALS
34005	FRUIT & TREE NUT TOTALS
34007	VEGETABLE TOTALS
34009	NURSERY TOTALS
34011	VEGETABLE TOTALS
34013	No Data
34015	VEGETABLE TOTALS
34019	VEGETABLE TOTALS
34021	VEGETABLE TOTALS
34023	VEGETABLE TOTALS
34025	NURSERY TOTALS
34027	VEGETABLE TOTALS
34029	FRUIT & TREE NUT TOTALS
34031	VEGETABLE TOTALS
34033	VEGETABLE TOTALS
34035	MILK
34037	MILK
34039	NURSERY TOTALS
34041	VEGETABLE TOTALS
35001	MILK
35003	CATTLE
35005	MILK
35006	CATTLE
35007	CATTLE
35009	MILK
35011	CATTLE
35013	MILK
35015	MILK
35017	CATTLE
35019	CATTLE
35021	No Data
35023	CATTLE
35025	MILK
35027	CATTLE
35028	No Data
35029	VEGETABLE TOTALS
35031	CATTLE
35033	CATTLE
35035	FRUIT & TREE NUT TOTALS
35037	CATTLE
35039	CATTLE
35041	MILK
35043	CATTLE
35045	CATTLE
35047	CATTLE
35049	CATTLE
35051	FRUIT & TREE NUT TOTALS
35053	MILK
35055	CATTLE
35057	FRUIT & TREE NUT TOTALS
35059	CATTLE
35061	MILK
36001	CATTLE
36003	MILK
36007	MILK
36009	MILK
36011	MILK
36013	MILK
36015	MILK
36017	MILK
36019	MILK
36021	MILK
36023	MILK
36025	MILK
36027	MILK
36029	MILK
36031	MILK
36033	MILK
36035	MILK
36037	MILK
36039	MILK
36041	No Data
36043	MILK
36045	MILK
36049	MILK
36051	MILK
36053	MILK
36055	VEGETABLE TOTALS
36057	MILK
36059	VEGETABLE TOTALS
36063	MILK
36065	MILK
36067	MILK
36069	MILK
36071	MILK
36073	VEGETABLE TOTALS
36075	VEGETABLE TOTALS
36077	MILK
36079	No Data
36081	No Data
36083	MILK
36085	No Data
36087	FRUIT & TREE NUT TOTALS
36089	MILK
36091	MILK
36093	MILK
36095	MILK
36097	MILK
36099	MILK
36101	MILK
36103	VEGETABLE TOTALS
36105	POULTRY TOTALS
36107	MILK
36109	MILK
36111	FRUIT & TREE NUT TOTALS
36113	CATTLE
36115	MILK
36117	FRUIT & TREE NUT TOTALS
36119	VEGETABLE TOTALS
36121	MILK
36123	MILK
37001	POULTRY TOTALS
37003	POULTRY TOTALS
37005	MILK
37007	POULTRY TOTALS
37009	CATTLE
37011	NURSERY TOTALS
37013	HOGS
37015	POULTRY TOTALS
37017	HOGS
37019	HOGS
37021	MILK
37023	POULTRY TOTALS
37025	POULTRY TOTALS
37027	POULTRY TOTALS
37029	VEGETABLE TOTALS
37031	SOYBEANS
37033	CATTLE
37035	POULTRY TOTALS
37037	POULTRY TOTALS
37039	VEGETABLE TOTALS
37041	POULTRY TOTALS
37043	CATTLE
37045	POULTRY TOTALS
37047	HOGS
37049	HOGS
37051	HOGS
37053	CORN
37055	SOYBEANS
37057	POULTRY TOTALS
37059	POULTRY TOTALS
37061	HOGS
37063	CATTLE
37065	HOGS
37067	MILK
37069	POULTRY TOTALS
37071	POULTRY TOTALS
37073	POULTRY TOTALS
37075	CATTLE
37077	VEGETABLE TOTALS
37079	HOGS
37081	MILK
37083	POULTRY TOTALS
37085	POULTRY TOTALS
37087	MILK
37089	FRUIT & TREE NUT TOTALS
37091	POULTRY TOTALS
37093	HOGS
37095	CORN
37097	POULTRY TOTALS
37099	CATTLE
37101	HOGS
37103	HOGS
37105	POULTRY TOTALS
37107	HOGS
37109	POULTRY TOTALS
37111	POULTRY TOTALS
37113	CATTLE
37115	VEGETABLE TOTALS
37117	POULTRY TOTALS
37119	CATTLE
37121	CATTLE
37123	POULTRY TOTALS
37125	POULTRY TOTALS
37127	POULTRY TOTALS
37129	SOYBEANS
37131	HOGS
37133	HOGS
37135	MILK
37137	SOYBEANS
37139	SOYBEANS
37141	HOGS
37143	POULTRY TOTALS
37145	CATTLE
37147	HOGS
37149	CATTLE
37151	POULTRY TOTALS
37153	POULTRY TOTALS
37155	HOGS
37157	CATTLE
37159	MILK
37161	POULTRY TOTALS
37163	HOGS
37165	COTTON
37167	POULTRY TOTALS
37169	CATTLE
37171	POULTRY TOTALS
37173	CATTLE
37175	CATTLE
37177	CORN
37179	POULTRY TOTALS
37181	SOYBEANS
37183	VEGETABLE TOTALS
37185	HOGS
37187	POULTRY TOTALS
37189	CATTLE
37191	POULTRY TOTALS
37193	POULTRY TOTALS
37195	COTTON
37197	POULTRY TOTALS
37199	CATTLE
38001	CATTLE
38003	SOYBEANS
38005	WHEAT
38007	CATTLE
38009	WHEAT
38011	CATTLE
38013	WHEAT
38015	CATTLE
38017	SOYBEANS
38019	WHEAT
38021	CORN
38023	WHEAT
38025	CATTLE
38027	CATTLE
38029	CATTLE
38031	CATTLE
38033	CATTLE
38035	WHEAT
38037	CATTLE
38039	WHEAT
38041	WHEAT
38043	CATTLE
38045	SOYBEANS
38047	CATTLE
38049	CATTLE
38051	CATTLE
38053	CATTLE
38055	WHEAT
38057	CATTLE
38059	CATTLE
38061	WHEAT
38063	WHEAT
38065	CATTLE
38067	WHEAT
38069	WHEAT
38071	WHEAT
38073	SOYBEANS
38075	WHEAT
38077	SOYBEANS
38079	WHEAT
38081	SOYBEANS
38083	WHEAT
38085	CATTLE
38087	CATTLE
38089	CATTLE
38091	SOYBEANS
38093	SOYBEANS
38095	WHEAT
38097	SOYBEANS
38099	VEGETABLE TOTALS
38101	WHEAT
38103	WHEAT
38105	WHEAT
39001	CATTLE
39003	SOYBEANS
39005	MILK
39007	MILK
39009	MILK
39011	SOYBEANS
39013	CATTLE
39015	SOYBEANS
39017	SOYBEANS
39019	MILK
39021	CORN
39023	CORN
39025	SOYBEANS
39027	SOYBEANS
39029	MILK
39031	MILK
39033	HOGS
39035	FRUIT & TREE NUT TOTALS
39037	POULTRY TOTALS
39039	SOYBEANS
39041	SOYBEANS
39043	SOYBEANS
39045	CORN
39047	SOYBEANS
39049	SOYBEANS
39051	CORN
39053	CATTLE
39055	MILK
39057	CORN
39059	MILK
39061	VEGETABLE TOTALS
39063	SOYBEANS
39065	SOYBEANS
39067	CATTLE
39069	SOYBEANS
39071	SOYBEANS
39073	CORN
39075	MILK
39077	VEGETABLE TOTALS
39079	CATTLE
39081	MILK
39083	CORN
39085	NURSERY TOTALS
39087	CATTLE
39089	SOYBEANS
39091	SOYBEANS
39093	SOYBEANS
39095	CORN
39097	SOYBEANS
39099	MILK
39101	SOYBEANS
39103	MILK
39105	VEGETABLE TOTALS
39107	POULTRY TOTALS
39109	SOYBEANS
39111	MILK
39113	SOYBEANS
39115	CATTLE
39117	SOYBEANS
39119	CATTLE
39121	CATTLE
39123	SOYBEANS
39125	SOYBEANS
39127	CORN
39129	CORN
39131	CATTLE
39133	MILK
39135	SOYBEANS
39137	SOYBEANS
39139	MILK
39141	CORN
39143	SOYBEANS
39145	SOYBEANS
39147	SOYBEANS
39149	MILK
39151	MILK
39153	VEGETABLE TOTALS
39155	MILK
39157	MILK
39159	SOYBEANS
39161	SOYBEANS
39163	CATTLE
39165	SOYBEANS
39167	MILK
39169	MILK
39171	SOYBEANS
39173	SOYBEANS
39175	SOYBEANS
40001	POULTRY TOTALS
40003	CATTLE
40005	CATTLE
40007	CATTLE
40009	CATTLE
40011	CATTLE
40013	CATTLE
40015	CATTLE
40017	CATTLE
40019	CATTLE
40021	POULTRY TOTALS
40023	CATTLE
40025	CATTLE
40027	CATTLE
40029	MILK
40031	CATTLE
40033	CATTLE
40035	CATTLE
40037	CATTLE
40039	CATTLE
40041	POULTRY TOTALS
40043	CATTLE
40045	CATTLE
40047	CATTLE
40049	CATTLE
40051	CATTLE
40053	WHEAT
40055	CATTLE
40057	WHEAT
40059	WHEAT
40061	POULTRY TOTALS
40063	HOGS
40065	CATTLE
40067	CATTLE
40069	CATTLE
40071	WHEAT
40073	CATTLE
40075	CATTLE
40077	HOGS
40079	POULTRY TOTALS
40081	CATTLE
40083	CATTLE
40085	CATTLE
40087	CATTLE
40089	POULTRY TOTALS
40091	MILK
40093	CATTLE
40095	CATTLE
40097	CATTLE
40099	MILK
40101	CATTLE
40103	CATTLE
40105	CATTLE
40107	CATTLE
40109	CATTLE
40111	CATTLE
40113	CATTLE
40115	POULTRY TOTALS
40117	CATTLE
40119	CATTLE
40121	CATTLE
40123	CATTLE
40125	CATTLE
40127	CATTLE
40129	CATTLE
40131	CATTLE
40133	HOGS
40135	CATTLE
40137	CATTLE
40139	CATTLE
40141	CATTLE
40143	FRUIT & TREE NUT TOTALS
40145	SOYBEANS
40147	CATTLE
40149	CATTLE
40151	CATTLE
40153	WHEAT
41001	CATTLE
41003	VEGETABLE TOTALS
41005	POULTRY TOTALS
41007	MILK
41009	CATTLE
41011	FRUIT & TREE NUT TOTALS
41013	CATTLE
41015	FRUIT & TREE NUT TOTALS
41017	CATTLE
41019	CATTLE
41021	WHEAT
41023	CATTLE
41025	CATTLE
41027	FRUIT & TREE NUT TOTALS
41029	FRUIT & TREE NUT TOTALS
41031	VEGETABLE TOTALS
41033	MILK
41035	CATTLE
41037	CATTLE
41039	MILK
41041	FRUIT & TREE NUT TOTALS
41043	MILK
41045	CATTLE
41047	VEGETABLE TOTALS
41049	CATTLE
41051	VEGETABLE TOTALS
41053	MILK
41055	WHEAT
41057	MILK
41059	VEGETABLE TOTALS
41061	CATTLE
41063	CATTLE
41065	FRUIT & TREE NUT TOTALS
41067	FRUIT & TREE NUT TOTALS
41069	CATTLE
41071	FRUIT & TREE NUT TOTALS
42001	POULTRY TOTALS
42003	VEGETABLE TOTALS
42005	MILK
42007	MILK
42009	MILK
42011	POULTRY TOTALS
42013	MILK
42015	MILK
42017	MILK
42019	MILK
42021	MILK
42023	CATTLE
42025	NURSERY TOTALS
42027	MILK
42029	MILK
42031	MILK
42033	MILK
42035	MILK
42037	MILK
42039	CORN
42041	MILK
42043	MILK
42045	NURSERY TOTALS
42047	MILK
42049	FRUIT & TREE NUT TOTALS
42051	MILK
42053	CATTLE
42055	MILK
42057	MILK
42059	CATTLE
42061	MILK
42063	MILK
42065	MILK
42067	POULTRY TOTALS
42069	VEGETABLE TOTALS
42071	MILK
42073	MILK
42075	POULTRY TOTALS
42077	CORN
42079	VEGETABLE TOTALS
42081	MILK
42083	MILK
42085	MILK
42087	MILK
42089	NURSERY TOTALS
42091	MILK
42093	MILK
42095	MILK
42097	CATTLE
42099	MILK
42101	VEGETABLE TOTALS
42103	MILK
42105	MILK
42107	POULTRY TOTALS
42109	POULTRY TOTALS
42111	MILK
42113	MILK
42115	MILK
42117	MILK
42119	MILK
42121	MILK
42123	MILK
42125	MILK
42127	MILK
42129	MILK
42131	MILK
42133	POULTRY TOTALS
44001	VEGETABLE TOTALS
44003	FRUIT & TREE NUT TOTALS
44005	VEGETABLE TOTALS
44007	POULTRY TOTALS
44009	MILK
45001	CATTLE
45003	POULTRY TOTALS
45005	CATTLE
45007	POULTRY TOTALS
45009	VEGETABLE TOTALS
45011	POULTRY TOTALS
45013	VEGETABLE TOTALS
45015	NURSERY TOTALS
45017	HOGS
45019	VEGETABLE TOTALS
45021	POULTRY TOTALS
45023	POULTRY TOTALS
45025	POULTRY TOTALS
45027	POULTRY TOTALS
45029	CATTLE
45031	POULTRY TOTALS
45033	POULTRY TOTALS
45035	POULTRY TOTALS
45037	CATTLE
45039	POULTRY TOTALS
45041	POULTRY TOTALS
45043	HOGS
45045	VEGETABLE TOTALS
45047	POULTRY TOTALS
45049	COTTON
45051	HOGS
45053	CATTLE
45055	POULTRY TOTALS
45057	POULTRY TOTALS
45059	POULTRY TOTALS
45061	POULTRY TOTALS
45063	POULTRY TOTALS
45065	FRUIT & TREE NUT TOTALS
45067	POULTRY TOTALS
45069	POULTRY TOTALS
45071	POULTRY TOTALS
45073	POULTRY TOTALS
45075	POULTRY TOTALS
45077	CATTLE
45079	CATTLE
45081	POULTRY TOTALS
45083	FRUIT & TREE NUT TOTALS
45085	POULTRY TOTALS
45087	VEGETABLE TOTALS
45089	COTTON
45091	CATTLE
46003	CATTLE
46005	CATTLE
46007	CATTLE
46009	CATTLE
46011	CATTLE
46013	SOYBEANS
46015	CATTLE
46017	CATTLE
46019	CATTLE
46021	CATTLE
46023	CATTLE
46025	CATTLE
46027	SOYBEANS
46029	CATTLE
46031	CATTLE
46033	CATTLE
46035	CATTLE
46037	SOYBEANS
46039	CATTLE
46041	CATTLE
46043	HOGS
46045	CATTLE
46047	CATTLE
46049	CATTLE
46051	CATTLE
46053	CATTLE
46055	CATTLE
46057	CORN
46059	CATTLE
46061	SOYBEANS
46063	CATTLE
46065	CATTLE
46067	CATTLE
46069	CATTLE
46071	CATTLE
46073	CATTLE
46075	CATTLE
46077	CATTLE
46079	CORN
46081	CATTLE
46083	CORN
46085	CATTLE
46087	CORN
46089	CATTLE
46091	CATTLE
46093	CATTLE
46095	WHEAT
46097	CATTLE
46099	CORN
46101	CATTLE
46102	CATTLE
46103	CATTLE
46105	CATTLE
46107	CATTLE
46109	SOYBEANS
46111	CATTLE
46115	SOYBEANS
46117	CATTLE
46119	CATTLE
46121	CATTLE
46123	CATTLE
46125	CATTLE
46127	CORN
46129	CATTLE
46135	CATTLE
46137	CATTLE
47001	CATTLE
47003	POULTRY TOTALS
47005	SOYBEANS
47007	CATTLE
47009	CATTLE
47011	POULTRY TOTALS
47013	CATTLE
47015	CATTLE
47017	CORN
47019	CATTLE
47021	CATTLE
47023	SOYBEANS
47025	CATTLE
47027	POULTRY TOTALS
47029	VEGETABLE TOTALS
47031	CATTLE
47033	COTTON
47035	CATTLE
47037	CATTLE
47039	CATTLE
47041	CATTLE
47043	CATTLE
47045	SOYBEANS
47047	COTTON
47049	POULTRY TOTALS
47051	POULTRY TOTALS
47053	SOYBEANS
47055	CATTLE
47057	CATTLE
47059	CATTLE
47061	POULTRY TOTALS
47063	POULTRY TOTALS
47065	CATTLE
47067	CATTLE
47069	COTTON
47071	SOYBEANS
47073	CATTLE
47075	COTTON
47077	CATTLE
47079	HOGS
47081	CATTLE
47083	CATTLE
47085	CATTLE
47087	CATTLE
47089	POULTRY TOTALS
47091	CATTLE
47093	CATTLE
47095	SOYBEANS
47097	SOYBEANS
47099	CATTLE
47101	CATTLE
47103	CATTLE
47105	SOYBEANS
47107	POULTRY TOTALS
47109	SOYBEANS
47111	CATTLE
47113	COTTON
47115	POULTRY TOTALS
47117	MILK
47119	CATTLE
47121	CATTLE
47123	CATTLE
47125	CATTLE
47127	POULTRY TOTALS
47129	POULTRY TOTALS
47131	CORN
47133	CATTLE
47135	CATTLE
47137	POULTRY TOTALS
47139	POULTRY TOTALS
47141	CATTLE
47143	CATTLE
47145	MILK
47147	CORN
47149	CATTLE
47151	POULTRY TOTALS
47153	CATTLE
47155	CATTLE
47157	COTTON
47159	CATTLE
47161	CATTLE
47163	CATTLE
47165	CATTLE
47167	COTTON
47169	CATTLE
47171	FRUIT & TREE NUT TOTALS
47173	CATTLE
47175	CATTLE
47177	NURSERY TOTALS
47179	CATTLE
47181	CATTLE
47183	CORN
47185	CATTLE
47187	CATTLE
47189	CATTLE
48001	CATTLE
48003	CATTLE
48005	POULTRY TOTALS
48007	POULTRY TOTALS
48009	MILK
48011	CATTLE
48013	CATTLE
48015	CATTLE
48017	CATTLE
48019	CATTLE
48021	CATTLE
48023	CATTLE
48025	CATTLE
48027	CATTLE
48029	CATTLE
48031	CATTLE
48033	CATTLE
48035	WHEAT
48037	CATTLE
48039	CATTLE
48041	CATTLE
48043	CATTLE
48045	CATTLE
48047	CATTLE
48049	CATTLE
48051	CATTLE
48053	CATTLE
48055	POULTRY TOTALS
48057	CATTLE
48059	CATTLE
48061	COTTON
48063	POULTRY TOTALS
48065	CORN
48067	POULTRY TOTALS
48069	CATTLE
48071	CATTLE
48073	CATTLE
48075	CATTLE
48077	CATTLE
48079	COTTON
48081	CATTLE
48083	CATTLE
48085	CATTLE
48087	CATTLE
48089	CATTLE
48091	CATTLE
48093	MILK
48095	COTTON
48097	CATTLE
48099	CATTLE
48101	CATTLE
48103	CATTLE
48105	CATTLE
48107	COTTON
48109	CATTLE
48111	CORN
48113	CATTLE
48115	COTTON
48117	CATTLE
48119	CATTLE
48121	CATTLE
48123	CATTLE
48125	CATTLE
48127	CATTLE
48129	CATTLE
48131	CATTLE
48133	CATTLE
48135	CATTLE
48137	CATTLE
48139	CATTLE
48141	MILK
48143	MILK
48145	CATTLE
48147	CATTLE
48149	CATTLE
48151	COTTON
48153	COTTON
48155	WHEAT
48157	COTTON
48159	POULTRY TOTALS
48161	CATTLE
48163	CATTLE
48165	COTTON
48167	CATTLE
48169	COTTON
48171	CATTLE
48173	COTTON
48175	CATTLE
48177	POULTRY TOTALS
48179	CATTLE
48181	CATTLE
48183	CATTLE
48185	CATTLE
48187	CATTLE
48189	COTTON
48191	COTTON
48193	MILK
48195	CORN
48197	CATTLE
48199	CATTLE
48201	CATTLE
48203	CATTLE
48205	CATTLE
48207	COTTON
48209	CATTLE
48211	CATTLE
48213	CATTLE
48215	VEGETABLE TOTALS
48217	CATTLE
48219	COTTON
48221	CATTLE
48223	MILK
48225	CATTLE
48227	COTTON
48229	COTTON
48231	CATTLE
48233	CATTLE
48235	CATTLE
48237	CATTLE
48239	CATTLE
48241	CATTLE
48243	CATTLE
48245	CATTLE
48247	CATTLE
48249	CATTLE
48251	CATTLE
48253	CATTLE
48255	CATTLE
48257	CATTLE
48259	CATTLE
48261	CATTLE
48263	CATTLE
48265	CATTLE
48267	CATTLE
48269	WHEAT
48271	CATTLE
48273	CATTLE
48275	CATTLE
48277	CATTLE
48279	CATTLE
48281	CATTLE
48283	CATTLE
48285	CATTLE
48287	CATTLE
48289	POULTRY TOTALS
48291	CATTLE
48293	CATTLE
48295	CORN
48297	CATTLE
48299	CATTLE
48301	CATTLE
48303	COTTON
48305	COTTON
48307	CATTLE
48309	CATTLE
48311	CATTLE
48313	CATTLE
48315	CATTLE
48317	COTTON
48319	CATTLE
48321	CATTLE
48323	CATTLE
48325	CATTLE
48327	CATTLE
48329	CATTLE
48331	POULTRY TOTALS
48333	CATTLE
48335	COTTON
48337	CATTLE
48339	CATTLE
48341	CORN
48343	POULTRY TOTALS
48345	COTTON
48347	POULTRY TOTALS
48349	CATTLE
48351	CATTLE
48353	COTTON
48355	COTTON
48357	CORN
48359	CATTLE
48361	CATTLE
48363	CATTLE
48365	POULTRY TOTALS
48367	CATTLE
48369	CATTLE
48371	VEGETABLE TOTALS
48373	CATTLE
48375	CATTLE
48377	FRUIT & TREE NUT TOTALS
48379	CATTLE
48381	CATTLE
48383	COTTON
48385	CATTLE
48387	CATTLE
48389	MILK
48391	CATTLE
48393	CATTLE
48395	POULTRY TOTALS
48397	CATTLE
48399	CATTLE
48401	POULTRY TOTALS
48403	POULTRY TOTALS
48405	POULTRY TOTALS
48407	CATTLE
48409	COTTON
48411	CATTLE
48413	CATTLE
48415	COTTON
48417	CATTLE
48419	POULTRY TOTALS
48421	CORN
48423	CATTLE
48425	CATTLE
48427	CATTLE
48429	CATTLE
48431	CATTLE
48433	CATTLE
48435	CATTLE
48437	CATTLE
48439	CATTLE
48441	CATTLE
48443	CATTLE
48445	COTTON
48447	CATTLE
48449	POULTRY TOTALS
48451	CATTLE
48453	CATTLE
48455	CATTLE
48457	CATTLE
48459	POULTRY TOTALS
48461	COTTON
48463	CATTLE
48465	CATTLE
48467	CATTLE
48469	CATTLE
48471	CATTLE
48473	CATTLE
48475	CATTLE
48477	CATTLE
48479	CATTLE
48481	COTTON
48483	CATTLE
48485	CATTLE
48487	CATTLE
48489	CATTLE
48491	CORN
48493	CATTLE
48495	CATTLE
48497	CATTLE
48499	POULTRY TOTALS
48501	COTTON
48503	CATTLE
48505	No Data
48507	CATTLE
49001	CATTLE
49003	CATTLE
49005	MILK
49007	CATTLE
49009	HOGS
49011	VEGETABLE TOTALS
49013	CATTLE
49015	CATTLE
49017	CATTLE
49019	CATTLE
49021	CATTLE
49023	CATTLE
49025	CATTLE
49027	CATTLE
49029	CATTLE
49031	MILK
49033	CATTLE
49035	CATTLE
49037	CATTLE
49039	POULTRY TOTALS
49041	CATTLE
49043	CATTLE
49045	MILK
49047	CATTLE
49049	CATTLE
49051	MILK
49053	CATTLE
49055	CATTLE
49057	MILK
50001	MILK
50003	MILK
50005	MILK
50007	MILK
50009	MILK
50011	MILK
50013	MILK
50015	MILK
50017	MILK
50019	MILK
50021	MILK
50023	MILK
50025	MILK
50027	MILK
51001	POULTRY TOTALS
51003	CATTLE
51005	No Data
51007	POULTRY TOTALS
51009	CATTLE
51011	CATTLE
51015	POULTRY TOTALS
51017	FRUIT & TREE NUT TOTALS
51019	CATTLE
51021	CATTLE
51023	CATTLE
51025	MILK
51027	MILK
51029	POULTRY TOTALS
51031	CATTLE
51033	CORN
51035	CATTLE
51036	WHEAT
51037	CATTLE
51041	POULTRY TOTALS
51043	CATTLE
51045	CATTLE
51047	CATTLE
51049	POULTRY TOTALS
51051	CATTLE
51053	MILK
51057	CORN
51059	CATTLE
51061	CATTLE
51063	CATTLE
51065	CATTLE
51067	MILK
51069	FRUIT & TREE NUT TOTALS
51071	CATTLE
51073	SOYBEANS
51075	CATTLE
51077	CATTLE
51079	CATTLE
51081	COTTON
51083	HOGS
51085	VEGETABLE TOTALS
51087	SOYBEANS
51089	MILK
51091	POULTRY TOTALS
51093	HOGS
51095	VEGETABLE TOTALS
51097	SOYBEANS
51099	VEGETABLE TOTALS
51101	CORN
51103	CORN
51105	CATTLE
51107	CATTLE
51109	CATTLE
51111	CATTLE
51113	CATTLE
51115	CORN
51117	CATTLE
51119	CORN
51121	CATTLE
51125	FRUIT & TREE NUT TOTALS
51127	SOYBEANS
51131	VEGETABLE TOTALS
51133	CORN
51135	POULTRY TOTALS
51137	CATTLE
51139	POULTRY TOTALS
51141	CATTLE
51143	CATTLE
51145	MILK
51147	POULTRY TOTALS
51149	SOYBEANS
51153	MILK
51155	CATTLE
51157	CATTLE
51159	CORN
51161	CATTLE
51163	CATTLE
51165	POULTRY TOTALS
51167	CATTLE
51169	CATTLE
51171	POULTRY TOTALS
51173	CATTLE
51175	HOGS
51177	MILK
51179	CATTLE
51181	SOYBEANS
51183	SOYBEANS
51185	CATTLE
51187	CATTLE
51191	CATTLE
51193	VEGETABLE TOTALS
51195	CATTLE
51197	CATTLE
51199	VEGETABLE TOTALS
51550	SOYBEANS
51800	POULTRY TOTALS
51810	SOYBEANS
53001	VEGETABLE TOTALS
53003	WHEAT
53005	VEGETABLE TOTALS
53007	FRUIT & TREE NUT TOTALS
53009	MILK
53011	MILK
53013	WHEAT
53015	POULTRY TOTALS
53017	FRUIT & TREE NUT TOTALS
53019	CATTLE
53021	VEGETABLE TOTALS
53023	WHEAT
53025	VEGETABLE TOTALS
53027	MILK
53029	MILK
53031	MILK
53033	MILK
53035	NURSERY TOTALS
53037	CATTLE
53039	FRUIT & TREE NUT TOTALS
53041	POULTRY TOTALS
53043	WHEAT
53045	CATTLE
53047	FRUIT & TREE NUT TOTALS
53049	MILK
53051	CATTLE
53053	MILK
53055	CATTLE
53057	VEGETABLE TOTALS
53059	FRUIT & TREE NUT TOTALS
53061	MILK
53063	WHEAT
53065	CATTLE
53067	MILK
53069	MILK
53071	WHEAT
53073	MILK
53075	WHEAT
53077	FRUIT & TREE NUT TOTALS
54001	CATTLE
54003	FRUIT & TREE NUT TOTALS
54005	No Data
54007	CATTLE
54009	CATTLE
54011	CATTLE
54013	CATTLE
54015	CATTLE
54017	CATTLE
54019	CATTLE
54021	CATTLE
54023	POULTRY TOTALS
54025	MILK
54027	FRUIT & TREE NUT TOTALS
54029	CATTLE
54031	POULTRY TOTALS
54033	CATTLE
54035	CATTLE
54037	MILK
54039	CATTLE
54041	CATTLE
54043	CATTLE
54045	CATTLE
54047	No Data
54049	CATTLE
54051	CATTLE
54053	CATTLE
54055	CATTLE
54057	POULTRY TOTALS
54059	No Data
54061	CATTLE
54063	CATTLE
54065	CATTLE
54067	CATTLE
54069	MILK
54071	POULTRY TOTALS
54073	CATTLE
54075	CATTLE
54077	CATTLE
54079	CATTLE
54081	CATTLE
54083	CATTLE
54085	CATTLE
54087	CATTLE
54089	CORN
54091	CATTLE
54093	CATTLE
54095	CATTLE
54097	CATTLE
54099	CATTLE
54101	CATTLE
54103	CATTLE
54105	CATTLE
54107	CATTLE
54109	CATTLE
55001	VEGETABLE TOTALS
55003	MILK
55005	MILK
55007	MILK
55009	MILK
55011	MILK
55013	MILK
55015	MILK
55017	MILK
55019	MILK
55021	CORN
55023	MILK
55025	MILK
55027	MILK
55029	MILK
55031	CATTLE
55033	MILK
55035	MILK
55037	MILK
55039	MILK
55041	CATTLE
55043	MILK
55045	MILK
55047	MILK
55049	MILK
55051	MILK
55053	MILK
55055	MILK
55057	MILK
55059	MILK
55061	MILK
55063	MILK
55065	MILK
55067	VEGETABLE TOTALS
55069	MILK
55071	MILK
55073	MILK
55075	MILK
55077	MILK
55078	No Data
55079	VEGETABLE TOTALS
55081	MILK
55083	MILK
55085	FRUIT & TREE NUT TOTALS
55087	MILK
55089	MILK
55091	MILK
55093	MILK
55095	MILK
55097	VEGETABLE TOTALS
55099	MILK
55101	VEGETABLE TOTALS
55103	MILK
55105	CORN
55107	MILK
55109	MILK
55111	MILK
55113	MILK
55115	MILK
55117	MILK
55119	MILK
55121	MILK
55123	MILK
55125	FRUIT & TREE NUT TOTALS
55127	MILK
55129	MILK
55131	MILK
55133	MILK
55135	MILK
55137	VEGETABLE TOTALS
55139	MILK
55141	MILK
56001	CATTLE
56003	CATTLE
56005	CATTLE
56007	CATTLE
56009	CATTLE
56011	CATTLE
56013	CATTLE
56015	CATTLE
56017	CATTLE
56019	CATTLE
56021	WHEAT
56023	CATTLE
56025	CATTLE
56027	CATTLE
56029	CATTLE
56031	MILK
56033	CATTLE
56035	CATTLE
56037	CATTLE
56039	CATTLE
56041	CATTLE
56043	CATTLE
56045	CATTLE
